final_net_worth,sharpe,sortino,max_drawdown
473230.375,0.9874827059562011,0.9728863784761702,187452.328125
